Workbook

Sheet Roteiro de Uso da Planilha
A1: Planilha AHP — Cálculo dos Pesos por Critério
A2: Método: Analytic Hierarchy Process (AHP) — Saaty (1980)
A4: ▶ Roteiro de Uso — Passo a Passo
A5: 1. | B5: Identificação do tema
B6: Preencha o campo 'Identificação do tema' na célula H1 da aba principal.
A7: 2. | B7: Número de critérios
B8: Informe o nº de critérios (2–10) na célula D2 da aba principal.
A9: 3. | B9: Nomes dos critérios
B10: Preencha os nomes dos critérios nas células B5:B14.
A11: 4. | B11: Matriz de comparação
B12: Preencha apenas o triângulo SUPERIOR (células amarelas, acima da diagonal). Use os valores da tabela de Importância Relativa.
A13: 5. | B13: Leitura: linha vs coluna
B14: Compare sempre LINHA (i) em relação à COLUNA (j). Ex.: Critério 1 fortemente mais importante que Critério 2 → preencha 7 na posição (linha 1, col 2).
A15: 6. | B15: Resultados automáticos
B16: Pesos (col C) e Razão de Consistência (H13) são calculados automaticamente.
A17: 7. | B17: Verificação da consistência
B18: Se RC > 0,10, os julgamentos estão inconsistentes. Revise a matriz até RC ≤ 0,10.
A19: 8. | B19: Avaliação dos sítios
B20: Na aba 'Avaliação dos Sítios', atribua notas 1–9 a cada sítio por critério. Si = Σ wj × vij é calculada automaticamente.
A22: Legenda de Cores
C23: Células a preencher pelo usuário (input)
C24: Calculadas automaticamente (não editar)
C25: Diagonal (fixo = 1)
C26: Triângulo inferior (recíproco automático)

Sheet Cálculo dos Pesos - Método AHP
A1: AHP — Cálculo dos Pesos por Critério | H1: Identificação do tema em estudo
A2: Número de critérios da análise: | D2: 8
A3: Critérios e Pesos Calculados
A4: Nº | B4: Nome do Critério | C4: Peso | D4: Peso (%) | E4: Ranking | F4: Tabela de Importância Relativa
A5: 1 | B5: Infraestrutura disponível | C5: =AD19 -> 0.098321785 | D5: =AD19/SUM(AD19:AD28) -> 0.098321785 | E5: =RANK(C5,C$5:C$14,0) -> 5 | F5: Descrição | H5: Valor | J5: Descrição Inversa | L5: Valor Inverso
A6: 2 | B6: Ruído | C6: =AD20 -> 0.23897798 | D6: =AD20/SUM(AD19:AD28) -> 0.23897798 | E6: =RANK(C6,C$5:C$14,0) -> 2 | F6: Igual importância | H6: 1 | J6: — | L6: 1
A7: 3 | B7: Acessibilidade | C7: =AD21 -> 0.17933971 | D7: =AD21/SUM(AD19:AD28) -> 0.17933971 | E7: =RANK(C7,C$5:C$14,0) -> 3 | F7: Moderadamente mais importante | H7: 3 | J7: Moderadamente menos importante | L7: 1/3
A8: 4 | B8: Privacidade | C8: =AD22 -> 0.040826322 | D8: =AD22/SUM(AD19:AD28) -> 0.040826322 | E8: =RANK(C8,C$5:C$14,0) -> 6 | F8: Mais importante | H8: 5 | J8: Menos importante | L8: 1/5
A9: 5 | B9: Eficiência | C9: =AD23 -> 0.040258799 | D9: =AD23/SUM(AD19:AD28) -> 0.040258799 | E9: =RANK(C9,C$5:C$14,0) -> 7 | F9: Fortemente mais importante | H9: 7 | J9: Fortemente menos importante | L9: 1/7
A10: 6 | B10: Horas de Operação | C10: =AD24 -> 0.023070247 | D10: =AD24/SUM(AD19:AD28) -> 0.023070247 | E10: =RANK(C10,C$5:C$14,0) -> 8 | F10: Extremamente mais importante | H10: 9 | J10: Extremamente menos importante | L10: 1/9
A11: 7 | B11: Impacto Ambiental | C11: =AD25 -> 0.10828446 | D11: =AD25/SUM(AD19:AD28) -> 0.10828446 | E11: =RANK(C11,C$5:C$14,0) -> 4 | F11: Valores intermediários: 2, 4, 6, 8 (e recíprocos). Para julgamentos entre dois níveis.
A12: 8 | B12: Segurança | C12: =AD26 -> 0.2709207 | D12: =AD26/SUM(AD19:AD28) -> 0.2709207 | E12: =RANK(C12,C$5:C$14,0) -> 1
F13: Razão de Consistência (RC): | H13: =AG37 -> 0.095597772 | I13: =IF(H13<=0.1,"✅ Consistente (RC ≤ 0,10)","⚠️ Inconsistente — revise a matriz (RC > 0,10)") -> ✅ Consistente (RC ≤ 0,10)
A16: Matriz de Comparação Pareada ★ Preencha apenas o triângulo SUPERIOR (células amarelas)
A17: Compare LINHA (i) em relação à COLUNA (j). Diagonal = 1 (fixo). Triângulo inferior = recíproco automático.
A18: ↓ i \ j → | B18: 1 | C18: 2 | D18: 3 | E18: 4 | F18: 5 | G18: 6 | H18: 7 | I18: 8 | S18: =SUM(B19:B28) -> 18.47521 | T18: =SUM(C19:C28) -> 4.4416667 | U18: =SUM(D19:D28) -> 6.2295238 | V18: =SUM(E19:E28) -> 28.47619 | W18: =SUM(F19:F28) -> 22 | X18: =SUM(G19:G28) -> 43.783217 | Y18: =SUM(H19:H28) -> 12.800303 | Z18: =SUM(I19:I28) -> 3.09
A19: 1 | B19: 1 | C19: 0.2 | D19: 0.17 | E19: 5 | F19: 4 | G19: 7 | H19: 1 | I19: 0.2 | S19: =IF(ISNUMBER(B19),B19/IF(S18=0,1,S18),0) -> 0.054126583 | T19: =IF(ISNUMBER(C19),C19/IF(T18=0,1,T18),0) -> 0.045028143 | U19: =IF(ISNUMBER(D19),D19/IF(U18=0,1,U18),0) -> 0.027289405 | V19: =IF(ISNUMBER(E19),E19/IF(V18=0,1,V18),0) -> 0.17558528 | W19: =IF(ISNUMBER(F19),F19/IF(W18=0,1,W18),0) -> 0.18181818 | X19: =IF(ISNUMBER(G19),G19/IF(X18=0,1,X18),0) -> 0.15987861 | Y19: =IF(ISNUMBER(H19),H19/IF(Y18=0,1,Y18),0) -> 0.07812315 | Z19: =IF(ISNUMBER(I19),I19/IF(Z18=0,1,Z18),0) -> 0.064724919 | AD19: =AVERAGE(S19:AB19) -> 0.098321785 | AF19: =B19*AD19+C19*AD20+D19*AD21+E19*AD22+F19*AD23+G19*AD24+H19*AD25+I19*AD26+J19*AD27+K19*AD28 -> 0.86573227 | AG19: =IF(AD19<>0,AF19/AD19,0) -> 8.805091
A20: 2 | B20: =IF(ISNUMBER(C19),1/C19,"") -> 5 | C20: 1 | D20: 2 | E20: 6 | F20: 5 | G20: 8 | H20: 4 | I20: 0.5 | S20: =IF(ISNUMBER(B20),B20/IF(S18=0,1,S18),0) -> 0.27063292 | T20: =IF(ISNUMBER(C20),C20/IF(T18=0,1,T18),0) -> 0.22514071 | U20: =IF(ISNUMBER(D20),D20/IF(U18=0,1,U18),0) -> 0.32105183 | V20: =IF(ISNUMBER(E20),E20/IF(V18=0,1,V18),0) -> 0.21070234 | W20: =IF(ISNUMBER(F20),F20/IF(W18=0,1,W18),0) -> 0.22727273 | X20: =IF(ISNUMBER(G20),G20/IF(X18=0,1,X18),0) -> 0.18271842 | Y20: =IF(ISNUMBER(H20),H20/IF(Y18=0,1,Y18),0) -> 0.3124926 | Z20: =IF(ISNUMBER(I20),I20/IF(Z18=0,1,Z18),0) -> 0.1618123 | AD20: =AVERAGE(S20:AB20) -> 0.23897798 | AF20: =B20*AD19+C20*AD20+D20*AD21+E20*AD22+F20*AD23+G20*AD24+H20*AD25+I20*AD26+J20*AD27+K20*AD28 -> 2.2886784 | AG20: =IF(AD20<>0,AF20/AD20,0) -> 9.5769426
A21: 3 | B21: =IF(ISNUMBER(D19),1/D19,"") -> 5.8823529 | C21: =IF(ISNUMBER(D20),1/D20,"") -> 0.5 | D21: 1 | E21: 3 | F21: 4 | G21: 7 | H21: 3 | I21: 0.5 | S21: =IF(ISNUMBER(B21),B21/IF(S18=0,1,S18),0) -> 0.31839167 | T21: =IF(ISNUMBER(C21),C21/IF(T18=0,1,T18),0) -> 0.11257036 | U21: =IF(ISNUMBER(D21),D21/IF(U18=0,1,U18),0) -> 0.16052591 | V21: =IF(ISNUMBER(E21),E21/IF(V18=0,1,V18),0) -> 0.10535117 | W21: =IF(ISNUMBER(F21),F21/IF(W18=0,1,W18),0) -> 0.18181818 | X21: =IF(ISNUMBER(G21),G21/IF(X18=0,1,X18),0) -> 0.15987861 | Y21: =IF(ISNUMBER(H21),H21/IF(Y18=0,1,Y18),0) -> 0.23436945 | Z21: =IF(ISNUMBER(I21),I21/IF(Z18=0,1,Z18),0) -> 0.1618123 | AD21: =AVERAGE(S21:AB21) -> 0.17933971 | AF21: =B21*AD19+C21*AD20+D21*AD21+E21*AD22+F21*AD23+G21*AD24+H21*AD25+I21*AD26+J21*AD27+K21*AD28 -> 1.7825118 | AG21: =IF(AD21<>0,AF21/AD21,0) -> 9.9393034
A22: 4 | B22: =IF(ISNUMBER(E19),1/E19,"") -> 0.2 | C22: =IF(ISNUMBER(E20),1/E20,"") -> 0.16666667 | D22: =IF(ISNUMBER(E21),1/E21,"") -> 0.33333333 | E22: 1 | F22: 1 | G22: 3 | H22: 0.14 | I22: 0.2 | S22: =IF(ISNUMBER(B22),B22/IF(S18=0,1,S18),0) -> 0.010825317 | T22: =IF(ISNUMBER(C22),C22/IF(T18=0,1,T18),0) -> 0.037523452 | U22: =IF(ISNUMBER(D22),D22/IF(U18=0,1,U18),0) -> 0.053508638 | V22: =IF(ISNUMBER(E22),E22/IF(V18=0,1,V18),0) -> 0.035117057 | W22: =IF(ISNUMBER(F22),F22/IF(W18=0,1,W18),0) -> 0.045454545 | X22: =IF(ISNUMBER(G22),G22/IF(X18=0,1,X18),0) -> 0.068519406 | Y22: =IF(ISNUMBER(H22),H22/IF(Y18=0,1,Y18),0) -> 0.010937241 | Z22: =IF(ISNUMBER(I22),I22/IF(Z18=0,1,Z18),0) -> 0.064724919 | AD22: =AVERAGE(S22:AB22) -> 0.040826322 | AF22: =B22*AD19+C22*AD20+D22*AD21+E22*AD22+F22*AD23+G22*AD24+H22*AD25+I22*AD26+J22*AD27+K22*AD28 -> 0.33891375 | AG22: =IF(AD22<>0,AF22/AD22,0) -> 8.301354
A23: 5 | B23: =IF(ISNUMBER(F19),1/F19,"") -> 0.25 | C23: =IF(ISNUMBER(F20),1/F20,"") -> 0.2 | D23: =IF(ISNUMBER(F21),1/F21,"") -> 0.25 | E23: =IF(ISNUMBER(F22),1/F22,"") -> 1 | F23: 1 | G23: 1 | H23: 0.5 | I23: 0.25 | S23: =IF(ISNUMBER(B23),B23/IF(S18=0,1,S18),0) -> 0.013531646 | T23: =IF(ISNUMBER(C23),C23/IF(T18=0,1,T18),0) -> 0.045028143 | U23: =IF(ISNUMBER(D23),D23/IF(U18=0,1,U18),0) -> 0.040131478 | V23: =IF(ISNUMBER(E23),E23/IF(V18=0,1,V18),0) -> 0.035117057 | W23: =IF(ISNUMBER(F23),F23/IF(W18=0,1,W18),0) -> 0.045454545 | X23: =IF(ISNUMBER(G23),G23/IF(X18=0,1,X18),0) -> 0.022839802 | Y23: =IF(ISNUMBER(H23),H23/IF(Y18=0,1,Y18),0) -> 0.039061575 | Z23: =IF(ISNUMBER(I23),I23/IF(Z18=0,1,Z18),0) -> 0.080906149 | AD23: =AVERAGE(S23:AB23) -> 0.040258799 | AF23: =B23*AD19+C23*AD20+D23*AD21+E23*AD22+F23*AD23+G23*AD24+H23*AD25+I23*AD26+J23*AD27+K23*AD28 -> 0.34323874 | AG23: =IF(AD23<>0,AF23/AD23,0) -> 8.5258067
A24: 6 | B24: =IF(ISNUMBER(G19),1/G19,"") -> 0.14285714 | C24: =IF(ISNUMBER(G20),1/G20,"") -> 0.125 | D24: =IF(ISNUMBER(G21),1/G21,"") -> 0.14285714 | E24: =IF(ISNUMBER(G22),1/G22,"") -> 0.33333333 | F24: =IF(ISNUMBER(G23),1/G23,"") -> 1 | G24: 1 | H24: 0.13 | I24: 0.11 | S24: =IF(ISNUMBER(B24),B24/IF(S18=0,1,S18),0) -> 0.0077323691 | T24: =IF(ISNUMBER(C24),C24/IF(T18=0,1,T18),0) -> 0.028142589 | U24: =IF(ISNUMBER(D24),D24/IF(U18=0,1,U18),0) -> 0.022932273 | V24: =IF(ISNUMBER(E24),E24/IF(V18=0,1,V18),0) -> 0.011705686 | W24: =IF(ISNUMBER(F24),F24/IF(W18=0,1,W18),0) -> 0.045454545 | X24: =IF(ISNUMBER(G24),G24/IF(X18=0,1,X18),0) -> 0.022839802 | Y24: =IF(ISNUMBER(H24),H24/IF(Y18=0,1,Y18),0) -> 0.01015601 | Z24: =IF(ISNUMBER(I24),I24/IF(Z18=0,1,Z18),0) -> 0.035598706 | AD24: =AVERAGE(S24:AB24) -> 0.023070247 | AF24: =B24*AD19+C24*AD20+D24*AD21+E24*AD22+F24*AD23+G24*AD24+H24*AD25+I24*AD26+J24*AD27+K24*AD28 -> 0.19035425 | AG24: =IF(AD24<>0,AF24/AD24,0) -> 8.2510711
A25: 7 | B25: =IF(ISNUMBER(H19),1/H19,"") -> 1 | C25: =IF(ISNUMBER(H20),1/H20,"") -> 0.25 | D25: =IF(ISNUMBER(H21),1/H21,"") -> 0.33333333 | E25: =IF(ISNUMBER(H22),1/H22,"") -> 7.1428571 | F25: =IF(ISNUMBER(H23),1/H23,"") -> 2 | G25: =IF(ISNUMBER(H24),1/H24,"") -> 7.6923077 | H25: 1 | I25: 0.33 | S25: =IF(ISNUMBER(B25),B25/IF(S18=0,1,S18),0) -> 0.054126583 | T25: =IF(ISNUMBER(C25),C25/IF(T18=0,1,T18),0) -> 0.056285178 | U25: =IF(ISNUMBER(D25),D25/IF(U18=0,1,U18),0) -> 0.053508638 | V25: =IF(ISNUMBER(E25),E25/IF(V18=0,1,V18),0) -> 0.25083612 | W25: =IF(ISNUMBER(F25),F25/IF(W18=0,1,W18),0) -> 0.090909091 | X25: =IF(ISNUMBER(G25),G25/IF(X18=0,1,X18),0) -> 0.17569078 | Y25: =IF(ISNUMBER(H25),H25/IF(Y18=0,1,Y18),0) -> 0.07812315 | Z25: =IF(ISNUMBER(I25),I25/IF(Z18=0,1,Z18),0) -> 0.10679612 | AD25: =AVERAGE(S25:AB25) -> 0.10828446 | AF25: =B25*AD19+C25*AD20+D25*AD21+E25*AD22+F25*AD23+G25*AD24+H25*AD25+I25*AD26+J25*AD27+K25*AD28 -> 0.9651321 | AG25: =IF(AD25<>0,AF25/AD25,0) -> 8.9129328
A26: 8 | B26: =IF(ISNUMBER(I19),1/I19,"") -> 5 | C26: =IF(ISNUMBER(I20),1/I20,"") -> 2 | D26: =IF(ISNUMBER(I21),1/I21,"") -> 2 | E26: =IF(ISNUMBER(I22),1/I22,"") -> 5 | F26: =IF(ISNUMBER(I23),1/I23,"") -> 4 | G26: =IF(ISNUMBER(I24),1/I24,"") -> 9.0909091 | H26: =IF(ISNUMBER(I25),1/I25,"") -> 3.030303 | I26: 1 | S26: =IF(ISNUMBER(B26),B26/IF(S18=0,1,S18),0) -> 0.27063292 | T26: =IF(ISNUMBER(C26),C26/IF(T18=0,1,T18),0) -> 0.45028143 | U26: =IF(ISNUMBER(D26),D26/IF(U18=0,1,U18),0) -> 0.32105183 | V26: =IF(ISNUMBER(E26),E26/IF(V18=0,1,V18),0) -> 0.17558528 | W26: =IF(ISNUMBER(F26),F26/IF(W18=0,1,W18),0) -> 0.18181818 | X26: =IF(ISNUMBER(G26),G26/IF(X18=0,1,X18),0) -> 0.20763456 | Y26: =IF(ISNUMBER(H26),H26/IF(Y18=0,1,Y18),0) -> 0.23673682 | Z26: =IF(ISNUMBER(I26),I26/IF(Z18=0,1,Z18),0) -> 0.3236246 | AD26: =AVERAGE(S26:AB26) -> 0.2709207 | AF26: =B26*AD19+C26*AD20+D26*AD21+E26*AD22+F26*AD23+G26*AD24+H26*AD25+I26*AD26+J26*AD27+K26*AD28 -> 2.5021961 | AG26: =IF(AD26<>0,AF26/AD26,0) -> 9.2358983
AG30: =AVERAGE(AG19:AG26) -> 8.94355
S32: 1 | T32: 2 | U32: 3 | V32: 4 | W32: 5 | X32: 6 | Y32: 7 | Z32: 8
S33: 0 | T33: 0 | U33: 0.58 | V33: 0.9 | W33: 1.12 | X33: 1.24 | Y33: 1.32 | Z33: 1.41
AG35: =(AG30-$D$2)/($D$2-1) -> 0.13479286
AG36: =INDEX(S33:AB33,1,MATCH($D$2,S32:AB32,0)) -> 1.41
AG37: =IF(AG36<>0,AG35/AG36,0) -> 0.095597772

Sheet Avaliação dos Sítios
A1: Avaliação dos Sítios — Si = Σ wj × vij
A2: Preencha nomes dos sítios (linha 4) e pontuações 1–9 (amarelo). Pesos importados automaticamente da aba AHP.
A3: Nº | B3: Critério | C3: Peso | D3: Peso (%) | E3: Sítio A | F3: Sítio B | G3: Sítio C | H3: Sítio D | I3: Sítio E | J3: Sítio F | K3: Sítio G | L3: Sítio H
A4: ▶ Nomes dos sítios: | E4: Sítio A | F4: Sítio B | G4: Sítio C | H4: Sítio D | I4: Sítio E | J4: Sítio F | K4: Sítio G | L4: Sítio H
A5: 1 | B5: ='Cálculo dos Pesos - Método AHP'!B5 -> Infraestrutura disponível | C5: ='Cálculo dos Pesos - Método AHP'!C5 -> 0.098321785 | D5: ='Cálculo dos Pesos - Método AHP'!D5 -> 0.098321785 | E5: 5 | F5: 5 | G5: 5 | H5: 5 | I5: 5 | J5: 5 | K5: 5 | L5: 5
A6: 2 | B6: ='Cálculo dos Pesos - Método AHP'!B6 -> Ruído | C6: ='Cálculo dos Pesos - Método AHP'!C6 -> 0.23897798 | D6: ='Cálculo dos Pesos - Método AHP'!D6 -> 0.23897798 | E6: 5 | F6: 5 | G6: 5 | H6: 5 | I6: 5 | J6: 5 | K6: 5 | L6: 5
A7: 3 | B7: ='Cálculo dos Pesos - Método AHP'!B7 -> Acessibilidade | C7: ='Cálculo dos Pesos - Método AHP'!C7 -> 0.17933971 | D7: ='Cálculo dos Pesos - Método AHP'!D7 -> 0.17933971 | E7: 5 | F7: 5 | G7: 5 | H7: 5 | I7: 5 | J7: 5 | K7: 5 | L7: 5
A8: 4 | B8: ='Cálculo dos Pesos - Método AHP'!B8 -> Privacidade | C8: ='Cálculo dos Pesos - Método AHP'!C8 -> 0.040826322 | D8: ='Cálculo dos Pesos - Método AHP'!D8 -> 0.040826322 | E8: 5 | F8: 5 | G8: 5 | H8: 5 | I8: 5 | J8: 5 | K8: 5 | L8: 5
A9: 5 | B9: ='Cálculo dos Pesos - Método AHP'!B9 -> Eficiência | C9: ='Cálculo dos Pesos - Método AHP'!C9 -> 0.040258799 | D9: ='Cálculo dos Pesos - Método AHP'!D9 -> 0.040258799 | E9: 5 | F9: 5 | G9: 5 | H9: 5 | I9: 5 | J9: 5 | K9: 5 | L9: 5
A10: 6 | B10: ='Cálculo dos Pesos - Método AHP'!B10 -> Horas de Operação | C10: ='Cálculo dos Pesos - Método AHP'!C10 -> 0.023070247 | D10: ='Cálculo dos Pesos - Método AHP'!D10 -> 0.023070247 | E10: 5 | F10: 5 | G10: 5 | H10: 5 | I10: 5 | J10: 5 | K10: 5 | L10: 5
A11: 7 | B11: ='Cálculo dos Pesos - Método AHP'!B11 -> Impacto Ambiental | C11: ='Cálculo dos Pesos - Método AHP'!C11 -> 0.10828446 | D11: ='Cálculo dos Pesos - Método AHP'!D11 -> 0.10828446 | E11: 5 | F11: 5 | G11: 5 | H11: 5 | I11: 5 | J11: 5 | K11: 5 | L11: 5
A12: 8 | B12: ='Cálculo dos Pesos - Método AHP'!B12 -> Segurança | C12: ='Cálculo dos Pesos - Método AHP'!C12 -> 0.2709207 | D12: ='Cálculo dos Pesos - Método AHP'!D12 -> 0.2709207 | E12: 5 | F12: 5 | G12: 5 | H12: 5 | I12: 5 | J12: 5 | K12: 5 | L12: 5
A14: Pontuação Final Si = Σ wj × vij | E14: =SUMPRODUCT($C$5:$C$12,E5:E12) -> 5 | F14: =SUMPRODUCT($C$5:$C$12,F5:F12) -> 5 | G14: =SUMPRODUCT($C$5:$C$12,G5:G12) -> 5 | H14: =SUMPRODUCT($C$5:$C$12,H5:H12) -> 5 | I14: =SUMPRODUCT($C$5:$C$12,I5:I12) -> 5 | J14: =SUMPRODUCT($C$5:$C$12,J5:J12) -> 5 | K14: =SUMPRODUCT($C$5:$C$12,K5:K12) -> 5 | L14: =SUMPRODUCT($C$5:$C$12,L5:L12) -> 5
A15: Ranking (1 = melhor) | E15: =RANK(E14,E14:I14,0) -> 1 | F15: =RANK(F14,E14:I14,0) -> 1 | G15: =RANK(G14,E14:I14,0) -> 1 | H15: =RANK(H14,E14:I14,0) -> 1 | I15: =RANK(I14,E14:I14,0) -> 1 | J15: =RANK(J14,F14:J14,0) -> 1 | K15: =RANK(K14,G14:K14,0) -> 1 | L15: =RANK(L14,H14:L14,0) -> 1
A16: ▶ Sítio preferencial: | E16: =INDEX(E4:I4,MATCH(MAX(E14:L14),E14:L14,0)) -> Sítio A
